"data";"mu";"gamma";"f2";"sigma";"epsilon";"nu";"score";"u";"mu_smoother";"beta_smoother";"gamma_smoother"
1999-01-01;0,535545996127174;0,37195906;-0,974760455483033;0,377282718746105;-0,709030768799124;-0,267505056127174;-1,93722376257824;-0,259170986606797;0,651861258353537;-0,0011316431973027;0,130568070246944
1999-02-01;0,407346178381246;-0,196097728463531;-0,974760455483033;0,377282718746105;3,17732960064093;1,19875155008228;5,44450562353609;0,728391795153356;0,857570853631496;-0,00113170190952189;-0,0769901133394428
1999-03-01;0,767647678980776;-0,0386833064497244;-0,974760455483033;0,377282718746105;0,585862051152403;0,221035627468948;1,61667960430339;0,216287068209794;0,817931935735602;-0,00113174290739565;0,0632739720414927
1999-04-01;0,874634819356039;-0,114962319935017;-0,974760455483033;0,377282718746105;-0,635259680638358;-0,239672499421022;-1,74639827758023;-0,23364144780389;0,679502951691032;-0,00113174400181454;-0,107294642906123
1999-05-01;0,759063275571331;-0,24335819214768;-0,974760455483033;0,377282718746105;-1,15485035962345;-0,435705083423651;-3,00077098680753;-0,401457380533525;0,612302261294219;-0,00113174035229149;-0,35987120637486
1999-06-01;0,560481004882063;-0,455539162975846;-0,974760455483033;0,377282718746105;1,44469420678816;0,545058158093783;3,59429244381925;0,480861497165518;0,75824894795649;-0,00113174002233319;-0,283786257621573
1999-07-01;0,79834079430047;-0,229734022498489;-0,974760455483033;0,377282718746105;1,6735280913381;0,631393228198019;4,00244915570676;0,535466638684785;0,732452944888491;-0,00113173992603512;0,371599962389926
1999-08-01;1,06321120432272;-0,414200923083136;-0,974760455483033;0,377282718746105;-0,44796719500244;-0,169010281239587;-1,24728976599035;-0,166868342976577;0,706625320043353;-0,0011317370252765;-0,155872886759686
1999-09-01;0,980669205940713;-0,426614632852702;-0,974760455483033;0,377282718746105;-0,964938373795499;-0,364054573088011;-2,56823749832992;-0,34359099818024;0,786629180694468;-0,0011317393967014;-0,526161151679351
1999-10-01;0,810710739823221;-0,27496767344702;-0,974760455483033;0,377282718746105;1,01848538120398;0,384256933623799;2,6934862932409;0,360347376238079;0,943764743213619;-0,00113174261672264;-0,111777130343272
1999-11-01;0,988957805838493;-0,0144048562522659;-0,974760455483033;0,377282718746105;0,385512092621587;0,145447050413773;1,0769343828342;0,14407739152366;1,00202184862582;-0,00113174130952837;0,114749682430698
1999-12-01;1,0602261818881;1,81866447533584;-0,974760455483033;0,377282718746105;-6,04027310023055;-2,27889065722395;-5,10956926360552;-0,683582419731404;1,0574117761072;-0,00113173057012535;0,933716202265137
2000-01-01;0,722089792582913;0,253751798185546;-0,974760455483033;0,377282718746105;0,0905379640633065;0,0341584092315414;0,255189846289041;0,0341405084494448;0,797854193910636;-0,00113173263471646;0,198846761976952
2000-02-01;0,738977512224203;0,0774662062710025;-0,974760455483033;0,377282718746105;-2,03148376645099;-0,766443718495206;-4,53246285541458;-0,606374386216014;0,517810479494621;-0,00113173259834875;-0,152812030329335
2000-03-01;0,439032341599717;0,0718158554581445;-0,974760455483033;0,377282718746105;-0,00224817362608313;-0,000848197057861932;-0,00634001122629221;-0,000848196783643344;0,47674448319815;-0,00113173254981125;0,035306795917048
2000-04-01;0,438612778150508;-0,180121497856703;-0,974760455483033;0,377282718746105;-0,0225064119608389;-0,00849128029380516;-0,0634676636395415;-0,00849100518011221;0,438842578674369;-0,00113173249006822;-0,0851755698691735
2000-05-01;0,434412673305356;-0,384412438557963;-0,974760455483033;0,377282718746105;0,927685652859553;0,349999765252607;2,47964153970025;0,331738210468784;0,560846313361078;-0,00113173246785013;-0,288406829225459
2000-06-01;0,598508117314223;-0,262543660876441;-0,974760455483033;0,377282718746105;-0,916989936850516;-0,345964456437782;-2,45398803057785;-0,328306162298815;0,514256714338571;-0,001131732431779;-0,342043958104603
2000-07-01;0,436110347708057;0,0129023298324505;-0,974760455483033;0,377282718746105;3,87239396311357;1,46098732245949;5,57398436133216;0,745714075040398;0,721491900791147;-0,00113173245920665;0,371096972624477
2000-08-01;0,804980373486804;-0,464382334129128;-0,974760455483033;0,377282718746105;1,37669162894222;0,519401960642324;3,46259636565144;0,46324257096281;0,77117970178377;-0,0011317325021213;-0,125871749959225
2000-09-01;1,03412490060815;-0,570041371919713;-0,974760455483033;0,377282718746105;-1,12404705441552;-0,424083528688438;-2,93286540393252;-0,392372649461259;0,576331332060837;-0,00113173248600175;-0,502128575269633
2000-10-01;0,840036423313674;-0,130397758097241;-0,974760455483033;0,377282718746105;-1,82790949850139;-0,689638665216433;-4,24713100221272;-0,568201337065381;0,385326676343764;-0,00113173241201936;-0,142641988734907
2000-11-01;0,55897368242405;0,0736679921650186;-0,974760455483033;0,377282718746105;-0,616624252926957;-0,232641674589068;-1,69763701584139;-0,227117934848305;0,350495782040592;-0,00113173232776732;0,119988158881345
2000-12-01;0,446629016705126;1,58265041119502;-0,974760455483033;0,377282718746105;-3,73534052284152;-1,40927942790015;-5,56619030328874;-0,744671348974467;0,415865811679739;-0,00113173226378136;0,833688630730189
2001-01-01;0,0782747789525066;0,311758760563673;-0,974760455483033;0,377282718746105;0,662544156049822;0,249966460483821;1,81739349691938;0,243139525101891;0,427165707676433;-0,00113173220358388;0,260220039036656
2001-02-01;0,198544579260766;-0,132155538949838;-0,974760455483033;0,377282718746105;0,884246595756693;0,333610959689073;2,37486445120892;0,317720634428965;0,522088510251026;-0,00113173217265855;-0,154586745818089
2001-03-01;0,35570618118695;0,0771810294742236;-0,974760455483033;0,377282718746105;0,336916543013909;0,127112789338826;0,943280195343926;0,126196500165047;0,591393658879958;-0,00113173216319851;0,000599884925082408
2001-04-01;0,418129712976325;-0,182171739818434;-0,974760455483033;0,377282718746105;1,6540434953292;0,624042026842109;3,96981179297351;0,531100257442092;0,711462130422714;-0,00113173219067365;-0,0089450879434535
2001-05-01;0,680840277535738;-0,266357575768355;-0,974760455483033;0,377282718746105;-0,0118815454423164;-0,00448270176738252;-0,0335065204731314;-0,00448266128907326;0,731976004522925;-0,00113173222474517;-0,278195387666696
2001-06-01;0,678622913748997;-0,401579844738268;-0,974760455483033;0,377282718746105;0,643965172316232;0,242956930989272;1,7691021531825;0,236678880006253;0,820021291982803;-0,00113173228599297;-0,315850263285118
2001-07-01;0,795696933794095;0,291596773867375;-0,974760455483033;0,377282718746105;0,7228168129324;0,272706292338531;1,97247726201258;0,263887367030284;0,893334312204194;-0,00113173236992743;0,320333708156799
2001-08-01;0,926229725298497;-0,284256810018321;-0,974760455483033;0,377282718746105;-0,270282496953695;-0,101972915280176;-0,758671203510578;-0,101498633313435;0,754533840758436;-0,00113173241190803;-0,170231587607623
2001-09-01;0,876023078086151;-0,718813495266336;-0,974760455483033;0,377282718746105;-0,0986251979509687;-0,0372095828198142;-0,277957297816005;-0,0371864461406656;0,683337889016882;-0,0011317324325369;-0,472935585162554
2001-10-01;0,857628674915225;-0,36273224042926;-0,974760455483033;0,377282718746105;0,570138929842666;0,215103565514036;1,57508371375158;0,210722172609529;0,751551543195086;-0,00113173247429844;-0,123610724335253
2001-11-01;0,961863120588548;-0,0463267484915602;-0,974760455483033;0,377282718746105;-0,173706265462666;-0,0655363720969873;-0,488920665333716;-0,0654101264163454;0,699947431946894;-0,00113173250067875;0,151106209149842
2001-12-01;0,929507777133241;1,24664742838814;-0,974760455483033;0,377282718746105;-3,91259692579444;-1,47615520552138;-5,57488674600407;-0,745834800343399;0,649773825439619;-0,00113173251211379;0,710802861839276
2002-01-01;0,560578034169154;0,377609927639773;-0,974760455483033;0,377282718746105;-0,392776966571455;-0,148187961808927;-1,09683597348953;-0,14673992074967;0,492020734256232;-0,00113173247581924;0,34936921595537
2002-02-01;0,487992628902706;-0,0227507631023862;-0,974760455483033;0,377282718746105;-0,862064042798614;-0,32524186580032;-2,32076426458643;-0,310482854770563;0,411302894621736;-0,00113173241527122;-0,16469567256694
2002-03-01;0,334411219517518;0,129973654917362;-0,974760455483033;0,377282718746105;-0,117643539524929;-0,04438487443488;-0,331469904009783;-0,0443456165013907;0,472260656909792;-0,00113173237364466;-0,0134634113453046
2002-04-01;0,312475508164401;0,0411057612779685;-0,974760455483033;0,377282718746105;0,944699327184092;0,35641873055763;2,52025045782041;0,337171064214203;0,59300250390809;-0,00113173236915848;0,0325593758640035
2002-05-01;0,47925833191867;-0,254366939279733;-0,974760455483033;0,377282718746105;0,146067139105166;0,0551086073610626;0,41135857294724;0,0550335016838791;0,613188262918882;-0,0011317323711687;-0,2437712007162
2002-06-01;0,506480842347654;-0,293508688035625;-0,974760455483033;0,377282718746105;0,893303162169949;0,337027845687971;2,39683756507951;0,32066030185958;0,7714154340011;-0,00113173242174278;-0,291930934450609
2002-07-01;0,665096560854451;0,407888825558857;-0,974760455483033;0,377282718746105;-0,113934151439983;-0,0429853864133073;-0,321036036192923;-0,0429497241587212;0,846119537372739;-0,00113173249542745;0,196620921497565
2002-08-01;0,643851332437971;-0,306192802912406;-0,974760455483033;0,377282718746105;1,11942967299982;0,422341470474435;2,92260946900283;0,391000561824482;0,940420752982175;-0,00113173259819485;-0,195791388366938
2002-09-01;0,837261101875255;-0,731283643351839;-0,974760455483033;0,377282718746105;1,46845459372714;0,554022541476584;3,63919179312006;0,486868345151321;1,0593560691588;-0,0011317327375521;-0,400542070704255
2002-10-01;1,07809219925946;-0,292124151024614;-0,974760455483033;0,377282718746105;0,938373093105825;0,354031951765158;2,50517930286325;0,33515477359512;1,28004713628666;-0,00113173294450876;-0,145305041470255
2002-11-01;1,24387765794106;-0,0922597844153509;-0,974760455483033;0,377282718746105;5,27027088089976;1,98838212647429;5,35265427722061;0,716103486231281;1,52174589269594;-0,00113173322546684;0,182927003423073
2002-12-01;1,59810070437085;0,897444514779523;-0,974760455483033;0,377282718746105;-1,47249049995378;-0,555545219150375;-3,64676066198523;-0,487880944340521;1,51194286168235;-0,00113173350378237;0,550651473465999
2003-01-01;1,35676872132346;0,263358532701646;-0,974760455483033;0,377282718746105;1,85503525923718;0,699872745974889;4,28758333411587;0,573613241963725;1,58686929078952;-0,00113173380527625;0,463598325015298
2003-02-01;1,64050847953941;-0,228026695573869;-0,974760455483033;0,377282718746105;-0,112599336928891;-0,0424817839655408;-0,31728101673952;-0,0424473598396035;1,44079771316654;-0,00113173406260044;-0,131088354286821
2003-03-01;1,619511747357;0,0238693450357086;-0,974760455483033;0,377282718746105;-1,54627037870055;-0,583381092392712;-3,78216374225176;-0,505995810872806;1,20167489530298;-0,00113173424739799;-0,00681338637026463
2003-04-01;1,36921918342695;0,10584100452482;-0,974760455483033;0,377282718746105;-0,941098466242526;-0,35506018795177;-2,51167618864833;-0,336023957801569;1,05120899305724;-0,00113173438668668;0,0439229191248313
2003-05-01;1,20300377979543;-0,281577823623824;-0,974760455483033;0,377282718746105;-0,613401952097759;-0,231425956171611;-1,6891837358631;-0,22598701494408;0,833020806230758;-0,00113173445982849;-0,159888891993338
2003-06-01;1,09121852748735;-0,203143822526606;-0,974760455483033;0,377282718746105;-2,77795576867132;-1,04807470496074;-5,24500646411451;-0,701701851031617;0,580424094229712;-0,00113173445633757;-0,295610246356423
2003-07-01;0,744119299321369;0,385002749501102;-0,974760455483033;0,377282718746105;-2,09159341155383;-0,789122048822471;-4,60877085748239;-0,6165832327953;0,479672332822774;-0,00113173442248792;0,0824472144014415
2003-08-01;0,439124287709682;-0,133114773610585;-0,974760455483033;0,377282718746105;-0,466518887173158;-0,176009514099096;-1,2975536192732;-0,173592879758346;0,455398707002969;-0,0011317343815859;-0,212872643327376
2003-09-01;0,353255974136549;-0,500070752632618;-0,974760455483033;0,377282718746105;2,40354178296281;0,90681477849607;4,94927976365649;0,662138129894068;0,600968559911338;-0,00113173438539047;-0,296848592689067
2003-10-01;0,680784871897912;-0,128565482626493;-0,974760455483033;0,377282718746105;-0,907063515680711;-0,342219389271419;-2,43009439747389;-0,325109558692769;0,420757798969969;-0,00113173433462158;-0,160964411094605
2003-11-01;0,519968313233088;0,248639974111838;-0,974760455483033;0,377282718746105;-1,16254539514197;-0,438608287344926;-3,0175943602543;-0,403708091255993;0,290961331393596;-0,00113173424464274;0,133746756549324
2003-12-01;0,320272720762718;0,786555098699535;-0,974760455483033;0,377282718746105;-1,79395393913531;-0,676827819462252;-4,19542752382874;-0,561284200406916;0,253418365417438;-0,00113173414356776;0,424601572310557
2004-01-01;0,0426315652540383;0,586744408759582;-0,974760455483033;0,377282718746105;1,19439349749181;0,450624025986379;3,08662079768683;0,412942775569142;0,42021974083056;-0,00113173409366957;0,509135517213135
2004-02-01;0,246895126004296;-0,149791221866533;-0,974760455483033;0,377282718746105;0,484771993983956;0,182896095862237;1,3468465668837;0,180187524172561;0,41277525484868;-0,00113173404184761;-0,125833605696894
2004-03-01;0,336025503063279;-0,0940009573519324;-0,974760455483033;0,377282718746105;0,57775096355617;0,217975454288654;1,59523952327455;0,213418712441859;0,420216206866267;-0,00113173399263813;0,0305858504865998
2004-04-01;0,441593801416546;0,0327241200278905;-0,974760455483033;0,377282718746105;-0,435529944203501;-0,164317921444436;-1,2135024356958;-0,16234811361722;0,420498120020798;-0,00113173394385945;0,0351173772192152
2004-05-01;0,361287749996139;-0,315821878963952;-0,974760455483033;0,377282718746105;1,76136911644505;0,664534128967813;4,14469326018629;0,554496729895259;0,642353096818043;-0,00113173396303488;-0,0870651448005989
2004-06-01;0,63557145992828;-0,457352427311647;-0,974760455483033;0,377282718746105;1,59503984010553;0,601780967383367;3,86857244242972;0,517555976770589;0,795297555888015;-0,00113173402916428;-0,253420550287757
2004-07-01;0,891582299582834;0,124088004734274;-0,974760455483033;0,377282718746105;-1,12825285433645;-0,425670304317108;-2,94218975578358;-0,393620105493645;0,710854785804346;-0,00113173406990505;-0,0123549521969276
2004-08-01;0,696876763881891;-0,221390986725899;-0,974760455483033;0,377282718746105;0,833630079557559;0,314514222844008;2,250843909782;0,301128577949984;0,744335357890645;-0,00113173412119375;-0,168375262520124
2004-09-01;0,845831048143068;-0,26448621047696;-0,974760455483033;0,377282718746105;-1,5143678978061;-0,571344837666108;-3,72430571200421;-0,498255289064201;0,468307310248289;-0,00113173408870914;-0,296756152768399
2004-10-01;0,599367359883527;-0,25523184530208;-0,974760455483033;0,377282718746105;-0,647089046094739;-0,244135514581447;-1,77723742774936;-0,23776725563768;0,328731040409599;-0,00113173401403424;-0,15371860214417
2004-11-01;0,481754971098105;0,0870411500534715;-0,974760455483033;0,377282718746105;-0,526915523224263;-0,198796121151576;-1,46001154411296;-0,195327271766204;0,295038220210744;-0,0011317339294365;0,113301149261819
2004-12-01;0,385135665947148;0,55379494144545;-0,974760455483033;0,377282718746105;-0,818830526930375;-0,308930607392598;-2,21420062242663;-0,296226265104219;0,315133077237492;-0,00113173385130746;0,363011220610711
2005-01-01;0,238606327555063;0,741288535335799;-0,974760455483033;0,377282718746105;-0,344290518586609;-0,129894862890862;-0,963618055733737;-0,128917395626128;0,389893964065386;-0,00113173379630632;0,492745295476815
2005-02-01;0,174836895490417;-0,0715577911324752;-0,974760455483033;0,377282718746105;0,865984259040306;0,326720895642058;2,33035392509105;0,311765805053446;0,513493074653225;-0,00113173377931631;-0,116457683254712
2005-03-01;0,329052920634862;-0,00671018597247324;-0,974760455483033;0,377282718746105;1,00099274780661;0,377657265337612;2,65284670644158;0,354910419491247;0,609312555418307;-0,0011317337918717;0,0577298363949377
2005-04-01;0,504610577341006;-0,0376331263942538;-0,974760455483033;0,377282718746105;1,09472957156883;0,413022549053248;2,86740887619406;0,383615564605324;0,689381964570087;-0,00113173382917275;0,0929013904266723
2005-05-01;0,69436733256576;-0,11309299329747;-0,974760455483033;0,377282718746105;0,55323408775628;0,20872566073171;1,53020277108359;0,204717787150399;0,664083918356281;-0,00113173385910923;-0,0383981832008648
2005-06-01;0,795631688370556;-0,257793322819167;-0,974760455483033;0,377282718746105;-1,55808452479632;-0,58783836555139;-3,80332226904394;-0,508826498979056;0,391513723737669;-0,00113173380632616;-0,287263377102775
2005-07-01;0,543938914856598;-0,0122025948694655;-0,974760455483033;0,377282718746105;-1,06481505784919;-0,401736319987133;-2,79979992186447;-0,374570517907294;0,234998668701337;-0,00113173370619078;-0,0563950141291999
2005-08-01;0,358656323014763;-0,0757223752373466;-0,974760455483033;0,377282718746105;-1,91615971751921;-0,722933947777416;-4,37597937245683;-0,585439283390385;0,111551439698593;-0,00113173356878035;-0,225984956669275
2005-09-01;0,0690667728317342;-0,413932657385397;-0,974760455483033;0,377282718746105;1,15262603598419;0,434865884553662;2,99589754250073;0,400805388030869;0,278204451241466;-0,00113173348250151;-0,250617232482424
2005-10-01;0,267326533192564;-0,329194942705421;-0,974760455483033;0,377282718746105;1,27720774255005;0,481868409512856;3,26150348190166;0,436339410838616;0,401124145076177;-0,00113173343402673;-0,118299859308414
2005-11-01;0,483163319853194;0,00749079408465672;-0,974760455483033;0,377282718746105;0,210308827093525;0,0793458860621495;0,591413006761348;0,0791220381534218;0,382679043276896;-0,00113173338027579;0,108322531152037
2005-12-01;0,522301307495091;0,423898395335003;-0,974760455483033;0,377282718746105;-1,28868797501771;-0,486199702830094;-3,2852144501483;-0,43951157667335;0,242724381604341;-0,00113173328421923;0,317512427541552
2006-01-01;0,304895398120545;0,684305754929995;-0,974760455483033;0,377282718746105;-0,899063583346385;-0,339201153050539;-2,41077864239684;-0,322525405330067;0,185368409830709;-0,00113173317102862;0,493524677108489
2006-02-01;0,145357099782865;0,0572802944237441;-0,974760455483033;0,377282718746105;-0,510591619056492;-0,192637394206609;-1,41628773359095;-0,189477692935871;0,1468576488461;-0,00113173304644693;-0,115562858846356
2006-03-01;0,0516313088703547;0,156668983638539;-0,974760455483033;0,377282718746105;0,0310104516050716;0,0116997074911059;0,087446351896488;0,0116989878680897;0,136320210295011;-0,00113173291899889;0,0853053603572434
2006-04-01;0,0574182533587683;0,149056611807423;-0,974760455483033;0,377282718746105;0,353912671318681;0,133525134833809;0,990126748586122;0,132463854333132;0,128291319952816;-0,00113173278944898;0,123118982266151
2006-05-01;0,122941953390805;0,00933945014347174;-0,974760455483033;0,377282718746105;-0,854217242192739;-0,322281403534276;-2,3015325260574;-0,307909941540291;-0,0147499026703338;-0,00113173261665284;-0,0694421200674189
2006-06-01;-0,0293667556373126;-0,408234447564672;-0,974760455483033;0,377282718746105;0,0996632003897541;0,0376012032019843;0,280879024507734;0,0375773286003579;-0,0167505627817683;-0,00113173244359191;-0,278865183969032
2006-07-01;-0,0107790011165742;-0,126553879063554;-0,974760455483033;0,377282718746105;0,523037155891904;0,197332880180128;1,44963611296776;0,193939197358737;0,142298014793241;-0,00113173231934513;-0,0993255262278116
2006-08-01;0,0851536882662181;-0,295120558752701;-0,974760455483033;0,377282718746105;0,980609108511686;0,369966870486483;2,60515113136438;0,348529479153677;0,280316450991655;-0,0011317322375037;-0,195463345565664
2006-09-01;0,257554990941248;-0,263812651442151;-0,974760455483033;0,377282718746105;0,520187251494484;0,196257660500903;1,44200690688287;0,192918525969999;0,335488132691878;-0,00113173217282046;-0,222787108965553
2006-10-01;0,352982801719657;-0,157573763167775;-0,974760455483033;0,377282718746105;-0,146863441654664;-0,0554090385518817;-0,41359498097239;-0,0553326989606884;0,276576970865316;-0,00113173209052922;-0,125967371387712
2006-11-01;0,325612292331148;0,0504721955303829;-0,974760455483033;0,377282718746105;-0,360696318966864;-0,136084487861531;-1,00879475741916;-0,134961349129914;0,233913332260819;-0,00113173199558133;0,06742128627655
2006-12-01;0,258853197928928;0,263170631670771;-0,974760455483033;0,377282718746105;0,286194318041278;0,107976170400301;0,802882371538441;0,107413413143294;0,284125728518634;-0,00113173191628032;0,301950935649983
2007-01-01;0,311985611277843;0,552625274699986;-0,974760455483033;0,377282718746105;-0,462811778281671;-0,174610885977828;-1,28752267317885;-0,172250892195478;0,267454556868406;-0,00113173183224373;0,49939058987985
2007-02-01;0,226781116457068;-0,0253739464742762;-0,974760455483033;0,377282718746105;0,367344760655404;0,138592830017208;1,02707373728742;0,137406797785943;0,365676519947494;-0,00113173177848471;-0,104745887076517
2007-03-01;0,294749860427376;0,144767321682608;-0,974760455483033;0,377282718746105;0,107301012950075;0,0404828178900154;0,302373981383872;0,0404530259195178;0,343763662559431;-0,00113173171839273;0,113449836141681
2007-04-01;0,314760088493613;0,185304129957772;-0,974760455483033;0,377282718746105;-0,503771333823773;-0,190064218451384;-1,39797800141859;-0,187028130090687;0,286748646414024;-0,0011317316412706;0,105028631371503
2007-05-01;0,222245982246972;-0,122715108360137;-0,974760455483033;0,377282718746105;0,398823266046343;0,150469126113165;1,11338282884119;0,148953637569364;0,351191689012245;-0,00113173158413205;-0,0574388440313194
2007-06-01;0,295926410133589;-0,415240785381974;-0,974760455483033;0,377282718746105;1,4294701253235;0,539314375248384;3,56521937797951;0,476971964472948;0,485461006189784;-0,00113173156825632;-0,223584454892143
2007-07-01;0,531862228860552;-0,0848509297986514;-0,974760455483033;0,377282718746105;-0,442668828344326;-0,1670112990619;-1,2329047785881;-0,164943851108686;0,471988347313957;-0,00113173154861975;-0,14956557105644
2007-08-01;0,450272186983964;-0,178369144096096;-0,974760455483033;0,377282718746105;0,392535755690931;0,148096957112131;1,09617554035415;0,146651564871226;0,520763666529893;-0,00113173154419212;-0,187497514844675
2007-09-01;0,52281388671199;-0,203516352571175;-0,974760455483033;0,377282718746105;-0,23668599091311;-0,0892975341408141;-0,66508849797786;-0,0889786949404059;0,437981787071088;-0,00113173151488199;-0,231186686613923
2007-10-01;0,478800269972023;-0,18870365982578;-0,974760455483033;0,377282718746105;-0,424341222620326;-0,160096610146243;-1,18304699141929;-0,158273639778335;0,318914608153452;-0,00113173144963162;-0,128972804397809
2007-11-01;0,400509671015623;-0,00955901392775458;-0,974760455483033;0,377282718746105;-0,32058361297291;-0,120950657087868;-0,898164678326564;-0,12016073223646;0,28949556297544;-0,00113173137576082;0,0575589115681866
2007-12-01;0,341071752540965;0,301229203959702;-0,974760455483033;0,377282718746105;0,152933173539183;0,0576990434993327;0,43063842833145;0,0576128522153386;0,377714366859278;-0,00113173132911916;0,26216040607108
2008-01-01;0,369570147560139;0,478612108117926;-0,974760455483033;0,377282718746105;0,32288185561956;0,121817744321935;0,904518558445783;0,121010784466404;0,373323130428416;-0,00113173128148419;0,542953290364474
2008-02-01;0,429428547286885;0,0166323400325245;-0,974760455483033;0,377282718746105;-1,18229875145591;-0,446060887319409;-3,06052166662226;-0,409451109981381;0,287308160588982;-0,00113173120798146;-0,133223206905467
2008-03-01;0,226892150899588;0,165872688411346;-0,974760455483033;0,377282718746105;0,151703637206832;0,0572351606890662;0,427186445543632;0,0571510295791771;0,38249831313136;-0,00113173116383235;0,12964395816033
2008-04-01;0,255162103767262;0,113310298466825;-0,974760455483033;0,377282718746105;0,931735222154388;0,351527597765913;2,48932935119021;0,333034291856187;0,573672512805615;-0,00113173117828755;0,123680035304092
2008-05-01;0,419898658881289;-0,0756695982862075;-0,974760455483033;0,377282718746105;1,39357281232576;0,525770939404919;3,4957289460745;0,467675204777732;0,758438954214586;-0,0011317312493943;-0,0233464745137504
2008-06-01;0,651235803527643;-0,245570245195654;-0,974760455483033;0,377282718746105;0,96568017448261;0,364334441668012;2,56998964909444;0,343825409223041;0,824723436636497;-0,00113173134104582;-0,217680086938275
2008-07-01;0,821310221871725;-0,171780991183046;-0,974760455483033;0,377282718746105;-0,316816076511356;-0,119529230688678;-0,887744813886575;-0,118766713331991;0,671282877308952;-0,00113173138628196;-0,176339859334494
2008-08-01;0,76256185963107;-0,140115929697298;-0,974760455483033;0,377282718746105;-1,2787384790302;-0,482445929933772;-3,26467257762754;-0,436763387501403;0,462590842956546;-0,00113173136826511;-0,220354376680269
2008-09-01;0,54651535145952;-0,241334696277207;-0,974760455483033;0,377282718746105;-1,04743905709673;-0,395180655182313;-2,76015361393188;-0,369266446720117;0,341133073817148;-0,00113173131357949;-0,248236363601613
2008-10-01;0,363856436628796;-0,245208188215556;-0,974760455483033;0,377282718746105;0,931269136191749;0,351351751586759;2,48821503276094;0,332885213049554;0,461820363079233;-0,00113173129601762;-0,102268324128671
2008-11-01;0,52851924939963;-0,0672094203499589;-0,974760455483033;0,377282718746105;0,261581477355561;0,0986901709503287;0,734464220275544;0,098260108240086;0,440626572160258;-0,00113173127234194;0,0831911239613374
2008-12-01;0,577123949073;0,30848830364763;-0,974760455483033;0,377282718746105;-0,969067053841581;-0,36561225272063;-2,57798351535974;-0,344894866580936;0,364285051887476;-0,00113173122574644;0,194117631755199
2009-01-01;0,406520519977504;0,525303872960179;-0,974760455483033;0,377282718746105;-0,269888833700351;-0,101824392937684;-0,757576464385909;-0,10135217391907;0,31522305229518;-0,00113173116454442;0,560128939094383
2009-02-01;0,356386319407086;-0,14491582527484;-0,974760455483033;0,377282718746105;-0,00389759206870863;-0,00147049413224565;-0,0109914826692265;-0,00147049270336415;0,335387972821903;-0,00113173110983246;-0,104476200565247
2009-03-01;0,355658935146077;0,180296014700902;-0,974760455483033;0,377282718746105;0,196258790752753;0,0740450501530215;0,552103823513005;0,0738630691060767;0,387809239879345;-0,00113173107144051;0,174511142224666
2009-04-01;0,392195555705076;0,239388963908452;-0,974760455483033;0,377282718746105;-0,428284974595581;-0,161584519613527;-1,19378817862513;-0,159710646767017;0,366965538474303;-0,00113173102704143;0,141737406849877
2009-05-01;0,313194136311324;0,121880285532077;-0,974760455483033;0,377282718746105;-0,11947120714462;-0,0450744218434011;-0,336610178295648;-0,0450333067846878;0,40293057569509;-0,00113173099394741;-0,0236485908734957
2009-06-01;0,290918256600096;-0,0810194426503521;-0,974760455483033;0,377282718746105;-0,238279702416589;-0,0898988139497435;-0,669534530919585;-0,08957350632268;0,422299685441576;-0,00113173096710093;-0,278962977555644
2009-07-01;0,246610414369077;-0,180708890970757;-0,974760455483033;0,377282718746105;0,726506842170357;0,27409847660168;1,98189084025346;0,265146760192458;0,477163814061535;-0,00113173095731891;-0,220237586388853
2009-08-01;0,377766169022152;-0,291410064813704;-0,974760455483033;0,377282718746105;0,301216806773569;0,113643895791552;0,844551863324052;0,112988155465837;0,417694884199994;-0,00113173092975891;-0,230495422438514
2009-09-01;0,433656147787966;-0,383808240448713;-0,974760455483033;0,377282718746105;0,344972314378212;0,130152092660748;0,965497497106081;0,129168836210407;0,339492638446338;-0,00113173087871205;-0,187236182663189
2009-10-01;0,497549955800322;-0,118961284185597;-0,974760455483033;0,377282718746105;-0,976956148004145;-0,368588671614726;-2,59656529954315;-0,347380825834978;0,220012725677495;-0,00113173079159916;-0,120894907761452
2009-11-01;0,325716838430439;-0,0133421713371516;-0,974760455483033;0,377282718746105;-0,138820742352987;-0,0523746670932875;-0,391002618619801;-0,0523101855299704;0,205283750084988;-0,00113173070034257;0,0944847261505941
2009-12-01;0,299841425680739;0,187196103648374;-0,974760455483033;0,377282718746105;-0,6547809296703;-0,247037529329113;-1,79724211102743;-0,240443577083909;0,251798072398056;-0,00113173062360589;0,133557658033521
2010-01-01;0,180905185309427;0,499537581686675;-0,974760455483033;0,377282718746105;1,61565108264104;0,609557233003898;3,90434865256687;0,522342287912032;0,512352039333978;-0,00113173062661664;0,599134112716135
2010-02-01;0,439283590192025;-0,151194788315493;-0,974760455483033;0,377282718746105;1,03877325583843;0,391911198123467;2,74027902951054;0,366607530516227;0,632077710675761;-0,0011317306664581;-0,0663898495925548
2010-03-01;0,620627262999699;0,192183690116602;-0,974760455483033;0,377282718746105;0,125076088935457;0,0471890468836988;0,352371069653301;0,0471418736120578;0,614508070475554;-0,00113173070129019;0,195785173908999
2010-04-01;0,643946152526622;0,157170965612797;-0,974760455483033;0,377282718746105;-0,108982246194766;-0,0411171181394187;-0,307104554693286;-0,0410859044622551;0,52033866701969;-0,0011317307077695;0,180229475741497
2010-05-01;0,623622868917801;0,0822888123833158;-0,974760455483033;0,377282718746105;-1,31442988682141;-0,495911681301117;-3,33790438852286;-0,446560686629864;0,334447647354204;-0,00113173065794432;-0,031312271115578
2010-06-01;0,402730093117627;-0,125117790735169;-0,974760455483033;0,377282718746105;-1,2924321156374;-0,487612302382458;-3,29291919403717;-0,440542353867912;0,216093910626089;-0,0011317305723963;-0,327483625821554
2010-07-01;0,184814306267174;-0,0686195893850764;-0,974760455483033;0,377282718746105;-0,864589605286461;-0,326194716882098;-2,32694372255256;-0,311309571977276;0,177240994767756;-0,00113173047535294;-0,300710114575081
2010-08-01;0,030823958379202;-0,221674194158571;-0,974760455483033;0,377282718746105;0,293812120914997;0,110850235779369;0,824021493607651;0,110241505193635;0,24890142003371;-0,00113173040049263;-0,242233835132622
2010-09-01;0,0853552971640584;-0,307397401829261;-0,974760455483033;0,377282718746105;1,80777457004117;0,682042104665203;4,21661520272303;0,564118788619707;0,455185311492145;-0,00113173038884121;-0,141810794076141
2010-10-01;0,364398591457724;-0,251141763855648;-0,974760455483033;0,377282718746105;1,26362313647011;0,476743172397923;3,23327757251234;0,432563214755533;0,617196193464236;-0,00113173042690672;-0,110440282744048
2010-11-01;0,578367469769652;-0,0519342484467775;-0,974760455483033;0,377282718746105;1,25520400258729;0,473566778677125;3,21569296325918;0,430210662295011;0,718950764478505;-0,00113173049632632;0,117908596677101
2010-12-01;0,791172649935328;0,0557200901509409;-0,974760455483033;0,377282718746105;-0,336333295381235;-0,126892740086269;-0,941670732626716;-0,125981178606235;0,635938053358714;-0,0011317305407931;0,140927267111312
2011-01-01;0,728855627693793;0,674462183185145;-0,974760455483033;0,377282718746105;-0,353363152497465;-0,133317810878938;-0,988613764858978;-0,13226144019138;0,639233854825011;-0,00113173058660914;0,594236688973693
2011-02-01;0,663432052511461;-0,0174292794480378;-0,974760455483033;0,377282718746105;-0,413490375551514;-0,156002773063423;-1,1534583632765;-0,154315132714649;0,584553626157028;-0,00113173061610654;-0,069226337893495
2011-03-01;0,587099542655831;0,213657324220565;-0,974760455483033;0,377282718746105;-0,240553999340403;-0,090756866876396;-0,675878095151903;-0,0904221784443275;0,56633748651204;-0,00113173064039755;0,197151606013899
2011-04-01;0,542371901848029;0,147419039899822;-0,974760455483033;0,377282718746105;0,689692491394653;0,260209058252149;1,88755150125431;0,252525595804249;0,63011186258141;-0,00113173068446838;0,190244011923134
2011-05-01;0,667284554233007;-0,102352040798968;-0,974760455483033;0,377282718746105;-0,145600396478816;-0,0549325134340384;-0,410047684364073;-0,0548581247893799;0,505762265935744;-0,00113173069098917;-0,0174872689247237
2011-06-01;0,640148794586609;-0,320588381972715;-0,974760455483033;0,377282718746105;-1,32410096670788;-0,499560412613894;-3,35752858562055;-0,449186104829568;0,347787170262361;-0,0011317306497127;-0,352325116467838
2011-07-01;0,417957346666088;-0,211228781204356;-0,974760455483033;0,377282718746105;-0,653962010986701;-0,246728565461732;-1,79511412201967;-0,240158884617668;0,382759563795011;-0,00113173061943879;-0,347949453094797
2011-08-01;0,299161930399988;-0,195219672029975;-0,974760455483033;0,377282718746105;0,784710581534008;0,296057741629987;2,12908153529816;0,284838629759092;0,522992624531475;-0,00113173063224511;-0,214276008945837
2011-09-01;0,440058335897399;-0,102236341270566;-0,974760455483033;0,377282718746105;0,429858027720335;0,162178005373167;1,19807060858001;0,160283570565455;0,539726774675951;-0,00113173065049597;-0,113607741900457
2011-10-01;0,519343154013761;-0,0858048454364576;-0,974760455483033;0,377282718746105;-0,459968877329066;-0,173538308577304;-1,27982570019346;-0,171221154629254;0,445421905181777;-0,00113173064035278;-0,115544112826625
2011-11-01;0,43464802241317;0,132912642816358;-0,974760455483033;0,377282718746105;-0,0995557531878498;-0,0375606652295282;-0,280576591891305;-0,0375368677299637;0,455329126512426;-0,00113173063357364;0,0872080803756848
2011-12-01;0,416080282000794;0,0301787890530234;-0,974760455483033;0,377282718746105;0,91109640560427;0,343740928946183;2,43981172389631;0,326409588727879;0,484538245912787;-0,00113173063604074;0,180566556699306
2012-01-01;0,577539904982914;0,631031215722068;-0,974760455483033;0,377282718746105;-1,05642559518662;-0,398571120704982;-2,78069214168155;-0,372014188412718;0,347830424381397;-0,00113173059719168;0,568591430942483
2012-02-01;0,393521810296388;-0,0617040146884074;-0,974760455483033;0,377282718746105;-0,243366025120727;-0,0918177956079807;-0,683719674784625;-0,0914712621739549;0,334314017418226;-0,00113173055456845;-0,0602298248466903
2012-03-01;0,348275236622298;0,193242247034922;-0,974760455483033;0,377282718746105;0,155009793549902;0,0584825163427796;0,436468073149889;0,0583927697593766;0,372837852875602;-0,00113173052403006;0,224263947926753
2012-04-01;0,377159420530543;0,261461338615465;-0,974760455483033;0,377282718746105;-0,314408143421577;-0,118620759146008;-0,881082701451303;-0,11787542432032;0,407029658267524;-0,00113173050425635;0,137696251940859
2012-05-01;0,318851937457542;-0,10078935635765;-0,974760455483033;0,377282718746105;0,800294855549161;0,301937418900109;2,16806913838167;0,290054576286168;0,478211432372396;-0,00113173050651983;-0,015413225577515
2012-06-01;0,462328428800589;-0,491119402703336;-0,974760455483033;0,377282718746105;0,367869947407126;0,138790973902747;1,02851694236963;0,137599876609493;0,479488855273117;-0,00113173050951748;-0,316888342715116
2012-07-01;0,530392679873423;-0,316623910148597;-0,974760455483033;0,377282718746105;0,0165160765801394;0,00623123027517386;0,0465757255348695;0,00623112155238804;0,563739681961199;-0,00113173053853505;-0,359897413712502
2012-08-01;0,533474925528415;-0,0954120953446983;-0,974760455483033;0,377282718746105;0,00513453100296138;0,00193716981628343;0,0144797267667175;0,00193716654958462;0,623067421478146;-0,00113173058597735;-0,224375707948454
2012-09-01;0,534433151608624;-0,0435046683061263;-0,974760455483033;0,377282718746105;0,130065635819713;0,049071516697502;0,36639808300442;0,0490184740128901;0,618677252678736;-0,00113173063242666;-0,119807493895668
2012-10-01;0,558680307962472;-0,158148681147516;-0,974760455483033;0,377282718746105;0,210633483158615;0,0794683731850441;0,592320814394973;0,0792434889659715;0,550925623006113;-0,00113173065857388;-0,0873797281801822
2012-11-01;0,597878371665497;0,10645776839741;-0,974760455483033;0,377282718746105;-0,674126132541111;-0,254336140062907;-1,84738404774451;-0,247151803289046;0,458140466569148;-0,00113173065679016;0,0644684365317387
2012-12-01;0,475623884185754;0,158872949905926;-0,974760455483033;0,377282718746105;0,0675969628110165;0,0255031659083196;0,190572655644462;0,0254957140923765;0,466272515896581;-0,00113173065782953;0,166086468018498
2013-01-01;0,488235426637857;0,485825800102421;-0,974760455483033;0,377282718746105;0,0952568762734863;0,0359387732597222;0,268475499812717;0,0359179262149923;0,431779871658367;-0,00113173064870233;0,583267524285427
2013-02-01;0,506002352075231;-0,106620143671884;-0,974760455483033;0,377282718746105;-0,183899778484258;-0,0693822084033472;-0,51749130840635;-0,0692324426072588;0,405104977691026;-0,00113173063179098;-0,0349948782299757
2013-03-01;0,471756286801646;0,208532901804309;-0,974760455483033;0,377282718746105;0,105254784862725;0,0397108113940451;0,296615961823597;0,0396826907423612;0,440068783715348;-0,00113173062587956;0,247423549999942
2013-04-01;0,491385465929466;0,205685095212183;-0,974760455483033;0,377282718746105;-0,469331226540513;-0,177070561141649;-1,30515901986059;-0,174610366334678;0,424932983836994;-0,00113173061570047;0,0952541468342091
2013-05-01;0,405013849130333;0,0112924633462767;-0,974760455483033;0,377282718746105;-0,255262983676228;-0,0963063124766099;-0,716872350080824;-0,09590658437635;0,406290989064073;-0,00113173060018521;-0,0364980059332346
2013-06-01;0,357573328111149;-0,427968813732207;-0,974760455483033;0,377282718746105;1,11427177745707;0,420395485621058;2,91112938010965;0,389464701062163;0,463837948411315;-0,001131730602552;-0,251605461409612
2013-07-01;0,550223378752782;-0,315448222111426;-0,974760455483033;0,377282718746105;-1,07286959229573;-0,404775156641357;-2,8180845095557;-0,377016716804486;0,356589560806066;-0,00113173057258026;-0,38058761561542
2013-08-01;0,363730766233493;-0,0829918351248146;-0,974760455483033;0,377282718746105;-0,21400113786556;-0,0807389311086785;-0,601736084902827;-0,0805031085276492;0,431731440828947;-0,00113173056585252;-0,253308363505205
2013-09-01;0,323909627392504;-0,00913846800442229;-0,974760455483033;0,377282718746105;-0,0391514338032071;-0,0147711593880821;-0,110399068922768;-0,0147697112568482;0,473227223911211;-0,00113173057211531;-0,145799779373977
2013-10-01;0,316603739044128;-0,109325487801632;-0,974760455483033;0,377282718746105;0,908395035681826;0,342721748757504;2,43330420990288;0,325538982629289;0,557027527718987;-0,00113173060426073;-0,0678514880811791
2013-11-01;0,477632713732512;0,0141633349646604;-0,974760455483033;0,377282718746105;0,498840635818998;0,188203951302827;1,38472606761364;0,185255223509103;0,573511414657826;-0,00113173064177442;0,0716598662292421
2013-12-01;0,569269845655694;0,162826520324602;-0,974760455483033;0,377282718746105;-0,111577774142963;-0,0420963659802959;-0,314407071675937;-0,0420628698328366;0,540820506458647;-0,0011317306696706;0,136157964858462
2014-01-01;0,548463302774328;0,496308927682019;-0,974760455483033;0,377282718746105;-0,145175561283013;-0,0547722304563469;-0,408854466850389;-0,0546984904888764;0,487992259904329;-0,00113173068181253;0,601146334842829
2014-02-01;0,521406506782382;-0,135837646409698;-0,974760455483033;0,377282718746105;0,72738857623637;0,274431139627316;1,98413880180567;0,265447503154935;0,587971267476527;-0,00113173072476745;0,0115951799413655
2014-03-01;0,652711024973702;0,21227423081482;-0,974760455483033;0,377282718746105;-0,0397189032095736;-0,0149852557885213;-0,111998896462774;-0,0149837437759374;0,608588927090044;-0,0011317307743504;0,25347660231096
2014-04-01;0,645299264705407;0,124110880882167;-0,974760455483033;0,377282718746105;0,00156342812198181;0,000589854412425414;0,00440898042066869;0,000589854320202004;0,647815298846664;-0,00113173083623229;0,0510717075417645
2014-05-01;0,645591038168697;-0,0442060760326346;-0,974760455483033;0,377282718746105;-0,215713463915191;-0,0813849621360629;-0,606522401589148;-0,0811434446838377;0,57735008216288;-0,00113173087698513;-0,030448099495488
2014-06-01;0,605453154851044;-0,286531896222235;-0,974760455483033;0,377282718746105;0,029364560900142;0,0110787413711911;0,0828056320884891;0,0110781303531044;0,548008556505663;-0,00113173090914117;-0,24042264921296
2014-07-01;0,610932990039495;-0,472968736619626;-0,974760455483033;0,377282718746105;-0,10062547668773;-0,0379642534198697;-0,283587496797935;-0,0379396808743741;0,484094299647078;-0,00113173092216455;-0,34028541322055
2014-08-01;0,592165996723177;-0,131392590292153;-0,974760455483033;0,377282718746105;-0,90323089158067;-0,340773406431023;-2,42084715041588;-0,323872418105442;0,487717221257031;-0,00113173093663688;-0,296078324775737
2014-09-01;0,431961393894529;-0,0225509870181989;-0,974760455483033;0,377282718746105;0,21360531272545;0,0805895931236696;0,600629573283172;0,080355074153047;0,575773209061209;-0,00113173097828873;-0,158297574348611
2014-10-01;0,471709307024212;0,0124658380146507;-0,974760455483033;0,377282718746105;-0,14359296714918;-0,0541751450388629;-0,404409250594421;-0,054103788366698;0,552322316383251;-0,00113173101313893;-0,0707045593218341
2014-11-01;0,444946682477437;0,091760059900932;-0,974760455483033;0,377282718746105;0,300287429008569;0,113293257621631;0,841976006928403;0,112643545175423;0,608381598310384;-0,00113173106541781;0,0642931873832679
2014-12-01;0,500666198580733;0,150417773179752;-0,974760455483033;0,377282718746105;0,262180119376422;0,0989160282395148;0,736130378214815;0,0984830147547103;0,700418851614566;-0,00113173114608949;0,0972632306692641
2015-01-01;0,549381159726358;0,473996163957551;-0,974760455483033;0,377282718746105;1,87292616705198;0,706622676316091;4,31385121852847;0,577127484175077;0,866673501950044;-0,00113173127777135;0,668126861769525
2015-02-01;0,834859249909584;-0,0493411647756604;-0,974760455483033;0,377282718746105;0,488975258339952;0,184481914866076;1,3581742281902;0,181702992449104;0,931579235668983;-0,00113173142957781;0,0281178943526418
2015-03-01;0,924739258551161;0,187537625799785;-0,974760455483033;0,377282718746105;0,789124709020689;0,297723115649054;2,1401429963245;0,286318484499101;0,984879301719637;-0,00113173159797209;0,266894315387546
2015-04-01;1,06636767927313;0,0954957282605148;-0,974760455483033;0,377282718746105;-1,46273173965602;-0,551863407533644;-3,62843051904089;-0,485428650845418;0,811707236980506;-0,00113173171393791;-0,0287035786924053
2015-05-01;0,826248731616963;-0,08959319071836;-0,974760455483033;0,377282718746105;-0,0441460477011985;-0,0166555408986034;-0,124479550506258;-0,0166534648915006;0,80291739694434;-0,00113173182756997;-0,00843999080317447
2015-06-01;0,818011038070009;-0,296591836514649;-0,974760455483033;0,377282718746105;0,791398024900187;0,29858079844464;2,14583405577053;0,287079861434464;0,909005539749902;-0,00113173197387676;-0,240557993737607
2015-07-01;0,960016076505355;-0,512323630800163;-0,974760455483033;0,377282718746105;0,218158824152765;0,0823075542948087;0,613356528799128;0,0820577466482374;0,799064619479791;-0,00113173208702448;-0,280120198395674
2015-08-01;1,00060622242669;-0,291124820274936;-0,974760455483033;0,377282718746105;-1,29738622478797;-0,489481402151751;-3,30309239079638;-0,441903372399669;0,67245582793086;-0,00113173216193368;-0,308759490043575
2015-09-01;0,782017203089818;-0,0138534375372493;-0,974760455483033;0,377282718746105;-0,92281927650884;-0,348163765552569;-2,46798147186346;-0,330178271269432;0,694109250704423;-0,00113173224378654;-0,206486458160692
2015-10-01;0,618693388358093;-0,0196146824404909;-0,974760455483033;0,377282718746105;0,426527073959862;0,160921294082398;1,18900122051613;0,159070224798259;0,792328063482571;-0,001131732355916;-0,04802083544642
2015-11-01;0,697378020827698;0,120281720905294;-0,974760455483033;0,377282718746105;0,483298728531787;0,182340258267008;1,342874073291;0,179656065131226;0,869196089496814;-0,0011317324918155;0,0641422642223945
2015-12-01;0,786245509848437;0,170907740717495;-0,974760455483033;0,377282718746105;-0,204497176076209;-0,0771532505659329;-0,575158404095187;-0,0769474202846612;0,847379077541963;-0,00113173262141127;0,0831538344027681
2016-01-01;0,748183204396481;0,695132434750242;-0,974760455483033;0,377282718746105;0,89239274455041;0,336684360853277;2,39463173022058;0,32036519480601;0,903191444462895;-0,00113173276836047;0,702650734917924
2016-02-01;0,906652947186711;0,0196507938743599;-0,974760455483033;0,377282718746105;-0,44079342306952;-0,16630374106107;-1,22780998190637;-0,16426224503505;0,715538139624954;-0,00113173285846813;0,0452522032306249
2016-03-01;0,825400064093052;0,310811774160468;-0,974760455483033;0,377282718746105;-1,68629997251919;-0,63621183825352;-4,02362849924317;-0,538300111753849;0,525954934522851;-0,00113173289114613;0,207916204580211
2016-04-01;0,559128066895483;-0,0672032480717671;-0,974760455483033;0,377282718746105;-0,0051017942992798;-0,00192481882371566;-0,0143874073434173;-0,00192481561910262;0,54608873306644;-0,00113173293030469;-0,0525352652156703
2016-05-01;0,558175950245413;-0,077996805675756;-0,974760455483033;0,377282718746105;0,423610325862543;0,159820855430343;1,18105556697347;0,158007217567155;0,571703740587584;-0,00113173297761419;0,0495944240030109
2016-06-01;0,636334762540952;-0,167365563034489;-0,974760455483033;0,377282718746105;-0,553879595124236;-0,208969199506464;-1,53191951155678;-0,204947460836413;0,571268751822817;-0,00113173302513602;-0,310941535973153
2016-07-01;0,534956797859354;-0,449816185376104;-0,974760455483033;0,377282718746105;0,755028983207811;0,28485938751675;2,05432710401568;0,274837627250777;0,565134972164962;-0,0011317330711335;-0,223089980030074
2016-08-01;0,670906173152387;-0,448285370950403;-0,974760455483033;0,377282718746105;0,258106700783051;0,0973791977980167;0,724791153109033;0,0969659994182317;0,531339209515619;-0,00113173310717678;-0,275433524375472
2016-09-01;0,718870737456912;-0,143833698390084;-0,974760455483033;0,377282718746105;-1,33861694154801;-0,505037039066828;-3,38680774582381;-0,453103209803957;0,399315507452096;-0,00113173310333137;-0,230877485961757
2016-10-01;0,494741680121145;0,0535849729870542;-0,974760455483033;0,377282718746105;-0,552176505196342;-0,208326653108199;-1,52738960259633;-0,204341428122383;0,339024388416129;-0,00113173308145742;-0,0287176071941457
2016-11-01;0,393663491600852;0,214173973540138;-0,974760455483033;0,377282718746105;-1,1605023060588;-0,43783746514099;-3,01313312412358;-0,403111245918959;0,226784366568034;-0,00113173302572376;0,0350094102612404
2016-12-01;0,194263130724233;0,180175141493062;-0,974760455483033;0,377282718746105;-0,117785072067402;-0,0444382722172954;-0,331867976350768;-0,0443988725079227;0,202570888576254;-0,00113173296295606;0,100860159743445
2017-01-01;0,172301076104763;0,864912524942416;-0,974760455483033;0,377282718746105;-0,920300834878258;-0,347213601047179;-2,4619393847121;-0,329369932182109;0,137314105006157;-0,00113173288064655;0,659899676321758
2017-02-01;0,00937710907601078;0,0143221207558524;-0,974760455483033;0,377282718746105;0,758849414358692;0,286300770168137;2,06398524762136;0,276129739527855;0,209910463461403;-0,00113173282080533;0,0607499550431364
2017-03-01;0,145965632140163;0,138406332240764;-0,974760455483033;0,377282718746105;0,492013088317445;0,185628035619073;1,36635555228332;0,182797528804647;0,237514416008742;-0,00113173276972116;0,214350416380916
2017-04-01;0,236387056945385;-0,0458693283407142;-0,974760455483033;0,377282718746105;-0,18690951135805;-0,0705177286046712;-0,525923190006746;-0,0703604997349589;0,241510973260466;-0,00113173272019981;-0,0760786494901778
2017-05-01;0,201582994343196;0,0107129490907534;-0,974760455483033;0,377282718746105;0,815579514451926;0,307704056566051;2,2061285304319;0,295146342337077;0,315344234486731;-0,00113173269352369;0,097788184010461
2017-06-01;0,347578145233277;-0,230944648667988;-0,974760455483033;0,377282718746105;-1,1573111485637;-0,436633496565289;-3,00615704534729;-0,402177953000494;0,243704796179921;-0,00113173264536068;-0,385159938572887
2017-07-01;0,148639440900925;-0,311546022234312;-0,974760455483033;0,377282718746105;1,43899138327282;0,542906581333387;3,58342972121335;0,47940823059436;0,394322711232729;-0,00113173264344263;-0,172119923852782
2017-08-01;0,385780367023722;-0,389303050628947;-0,974760455483033;0,377282718746105;0,353906174258357;0,133522683605226;0,990108860963739;0,132461461242137;0,399484902514522;-0,00113173264344263;-0,274626472130511
